"taxonomy"	"p.adjust"
"Anaerococcus"	0.0378988535678193
"Lachnospiraceae_unclassified"	0.0189700030187121
"Mogibacterium"	0.0378988535678193
"Parvimonas"	8.23931692949666e-06
"Peptoniphilus"	0.0318797924394769
"Peptostreptococcus"	8.23931692949666e-06
"Porphyromonas"	0.0214093218357588
